[
	{
		"Club": "Arsenal",
		"Stadium": {
			"Name": "Emirates",
			"Capacity": "60,260",
			"Location": "Holloway, London",
			"Establishment": "2006"
		},
		"img": "/static/ClubLogos/Arsenal.png",
		"History": {
			"Establishment": "1886",
			"Manager": {
				"FullName": "Unai Emery",
				"Nationality": "Spain",
				"DOB": "03/11/1971"
			},
			"Trophies": [
				{
					"exists": true,
					"name": "Premier League",
					"won": 13
				},
				{
					"exists": false,
					"name": "EFL Championship",
					"won": 0
				},
				{
					"exists": true,
					"name": "FA",
					"won": 13
				},
				{
					"exists": true,
					"name": "FA Community Shield",
					"won": 15
				},
				{
					"exists": false,
					"name": "Champions League",
					"won": 0
				}
			]
		}
	},
	{
		"Club": "Bournemouth",
		"Stadium": {
			"Name": "Vitality",
			"Capacity": "11,464",
			"Location": "Kings Park, Bournemouth",
			"Establishment": "1910"
		},
		"img": "/static/ClubLogos/AFC_Bournemouth.png",
		"History": {
			"Establishment": "1899",
			"Manager": {
				"FullName": "Eddie Howe",
				"Nationality": "England",
				"DOB": "29/11/1977",
				"Img": ""
			},
			"Trophies": [
				{
					"exists": false,
					"name": "Premier League",
					"won": 0
				},
				{
					"exists": true,
					"name": "EFL Championship",
					"won": 1
				},
				{
					"exists": false,
					"name": "FA",
					"won": 0
				},
				{
					"exists": false,
					"name": "FA Community Shield",
					"won": 0
				},
				{
					"exists": false,
					"name": "ChampionsLeague",
					"won": 0
				}
			]
		}
	},
	{
		"Club": "Brighton and Hove Albion",
		"Stadium": {
			"Name": "Falmer",
			"Capacity": "30,666",
			"Location": "Village Way, Brighton",
			"Establishment": "2011"
		},
		"img": "/static/ClubLogos/Brighton.png",
		"History": {
			"Establishment": "1901",
			"Manager": {
				"FullName": "Chris Hughton",
				"Nationality": "Ireland",
				"DOB": "11/12/1958"
			},
			"Trophies": [
				{
					"exists": false,
					"name": "Premier League",
					"won": 0
				},
				{
					"exists": true,
					"name": "EFL Championship",
					"won": 1
				},
				{
					"exists": false,
					"name": "FA",
					"won": 0
				},
				{
					"exists": true,
					"name": "FA Community Shield",
					"won": 1
				},
				{
					"exists": false,
					"name": "ChampionsLeague",
					"won": 0
				}
			]
		}
	},
	{
		"Club": "Burnley",
		"Stadium": {
			"Name": "Turf Moor",
			"Capacity": "22,546",
			"Location": "Burnley",
			"Establishment": "1883"
		},
		"img": "/static/ClubLogos//Burnley.png",
		"History": {
			"Establishment": "1882",
			"Manager": {
				"FullName": "Sean Dyche",
				"Nationality": "England",
				"DOB": "28/06/1971"
			},
			"Trophies": [
				{
					"exists": true,
					"name": "Premier League",
					"won": 2
				},
				{
					"exists": true,
					"name": "EFL Championship",
					"won": 3
				},
				{
					"exists": true,
					"name": "FA",
					"won": 1
				},
				{
					"exists": true,
					"name": "FA Community Shield",
					"won": 2
				},
				{
					"exists": false,
					"name": "ChampionsLeague",
					"won": 0
				}
			]
		}
	},
	{
		"Club": "Cardiff City",
		"Stadium": {
			"Name": "Cardiff City",
			"Capacity": "33,280",
			"Location": "Cardiff",
			"Establishment": "2009"
		},
		"img": "/static/ClubLogos//Cardiff.png",
		"History": {
			"Establishment": "1899",
			"Manager": {
				"FullName": "Neil Warnock",
				"Nationality": "England",
				"DOB": "01/12/1948",
				"Img": ""
			},
			"Trophies": [
				{
					"exists": false,
					"name": "Premier League",
					"won": 0
				},
				{
					"exists": true,
					"name": "EFL Championship",
					"won": 1
				},
				{
					"exists": true,
					"name": "FA",
					"won": 1
				},
				{
					"exists": true,
					"name": "FA Community Shield",
					"won": 1
				},
				{
					"exists": false,
					"name": "ChampionsLeague",
					"won": 0
				}
			]
		}
	},
	{
		"Club": "Chelsea",
		"Stadium": {
			"Name": "Stamford Bridge",
			"Capacity": "41,631",
			"Location": "Fulham, london",
			"Establishment": "1876"
		},
		"img": "/static/ClubLogos//Chelsea.png",
		"History": {
			"Establishment": "1905",
			"Manager": {
				"FullName": "Maurizio Sarri",
				"Nationality": "Italy",
				"DOB": "10/01/1959",
				"Img": ""
			},
			"Trophies": [
				{
					"exists": true,
					"name": "Premier League",
					"won": 6
				},
				{
					"exists": true,
					"name": "EFL Championship",
					"won": 2
				},
				{
					"exists": true,
					"name": "FA",
					"won": 8
				},
				{
					"exists": true,
					"name": "FA Community Shield",
					"won": 4
				},
				{
					"exists": false,
					"name": "ChampionsLeague",
					"won": 1
				}
			]
		}
	},
	{
		"Club": "Crystal Palace",
		"Stadium": {
			"Name": "Selhurst Park",
			"Capacity": "25,456",
			"Location": "Croydon",
			"Establishment": "1924"
		},
		"img": "/static/ClubLogos//CrystalPalace.png",
		"History": {
			"Establishment": "1905",
			"Manager": {
				"FullName": "Roy Hodgeson",
				"Nationality": "England",
				"DOB": "09/08/1947",
				"Img": ""
			},
			"Trophies": [
				{
					"exists": false,
					"name": "Premier League",
					"won": 0
				},
				{
					"exists": true,
					"name": "EFL Championship",
					"won": 2
				},
				{
					"exists": false,
					"name": "FA",
					"won": 0
				},
				{
					"exists": false,
					"name": "FA Community Shield",
					"won": 0
				}
			]
		}
	},
	{
		"Club": "Everton",
		"Stadium": {
			"Name": "Goodison Park",
			"Capacity": "39,572",
			"Location": "Walton, Liverpool",
			"Establishment": "1892"
		},
		"img": "/static/ClubLogos//Everton.png",
		"History": {
			"Establishment": "1878",
			"Manager": {
				"FullName": "Marco Silva",
				"Nationality": "Portugal",
				"DOB": "12/07/1977",
				"Img": ""
			},
			"Trophies": [
				{
					"exists": true,
					"name": "Premier League",
					"won": 9
				},
				{
					"exists": true,
					"name": "EFL Championship",
					"won": 1
				},
				{
					"exists": true,
					"name": "FA",
					"won": 5
				},
				{
					"exists": true,
					"name": "FA Community Shield",
					"won": 9
				},
				{
					"exists": false,
					"name": "ChampionsLeague",
					"won": 0
				}
			]
		}
	},
	{
		"Club": "Fulham",
		"Stadium": {
			"Name": "Craven Cottage",
			"Capacity": "25,700",
			"Location": "Fulham",
			"Establishment": "1896"
		},
		"img": "/static/ClubLogos//Fulham.png",
		"History": {
			"Establishment": "1882",
			"Manager": {
				"FullName": "Sean Dyche",
				"Nationality": "England",
				"DOB": "28/06/1971",
				"Img": ""
			},
			"Trophies": [
				{
					"exists": true,
					"name": "Premier League",
					"won": 1
				},
				{
					"exists": false,
					"name": "EFL Championship",
					"won": 4
				},
				{
					"exists": false,
					"name": "FA",
					"won": 0
				},
				{
					"exists": true,
					"name": "FA Community Shield",
					"won": 2
				},
				{
					"exists": false,
					"name": "ChampionsLeague",
					"won": 0
				}
			]
		}
	},
	{
		"Club": "Huddersfield Town",
		"Stadium": {
			"Name": "John Smith's",
			"Capacity": "24,500",
			"Location": "Huddersfield",
			"Establishment": "1994"
		},
		"img": "/static/ClubLogos//Huddersfield.png",
		"History": {
			"Establishment": "1908",
			"Manager": {
				"FullName": "Jan Siewart",
				"Nationality": "German",
				"DOB": "23/08/1982",
				"Img": ""
			},
			"Trophies": [
				{
					"exists": true,
					"name": "Premier League",
					"won": 3
				},
				{
					"exists": true,
					"name": "EFL Championship",
					"won": 1
				},
				{
					"exists": true,
					"name": "FA",
					"won": 1
				},
				{
					"exists": true,
					"name": "FA Community Shield",
					"won": 1
				},
				{
					"exists": false,
					"name": "ChampionsLeague",
					"won": 0
				}
			]
		}
	},
	{
		"Club": "Leicester City",
		"Stadium": {
			"Name": "King Power",
			"Capacity": "32,312",
			"Location": "Leicester",
			"Establishment": "2002"
		},
		"img": "/static/ClubLogos//LeicesterCity.png",
		"History": {
			"Establishment": "1884",
			"Manager": {
				"FullName": "Claude Puel",
				"Nationality": "France",
				"DOB": "02/10/1961",
				"Img": ""
			},
			"Trophies": [
				{
					"exists": true,
					"name": "Premier League",
					"won": 1
				},
				{
					"exists": false,
					"name": "EFL Championship",
					"won": 7
				},
				{
					"exists": false,
					"name": "FA",
					"won": 0
				},
				{
					"exists": true,
					"name": "FA Community Shield",
					"won": 1
				},
				{
					"exists": false,
					"name": "ChampionsLeague",
					"won": 0
				}
			]
		}
	},
	{
		"Club": "Liverpool",
		"Stadium": {
			"Name": "Anfield",
			"Capacity": "54,074",
			"Location": "Anfield, Liverpool",
			"Establishment": "1884"
		},
		"img": "/static/ClubLogos//Liverpool.png",
		"History": {
			"Establishment": "1892",
			"Manager": {
				"FullName": "Claude Puel",
				"Nationality": "France",
				"DOB": "02/10/1961",
				"Img": ""
			},

			"Trophies": [
				{
					"exists": true,
					"name": "Premier League",
					"won": 18
				},
				{
					"exists": true,
					"name": "EFL Championship",
					"won": 4
				},
				{
					"exists": true,
					"name": "FA",
					"won": 7
				},
				{
					"exists": true,
					"name": "FA Community Shield",
					"won": 15
				},
				{
					"exists": true,
					"name": "ChampionsLeague",
					"won": 5
				}
			]
		}
	},
	{
		"Club": "Manchester City",
		"Stadium": {
			"Name": "Etihad",
			"Capacity": "55,097",
			"Location": "Manchester",
			"Establishment": "1999"
		},
		"img": "/static/ClubLogos//ManchesterCity.png",
		"History": {
			"Establishment": "1880",
			"Manager": {
				"FullName": "Josep Guardiola",
				"Nationality": "Spain",
				"DOB": "18/01/1971",
				"Img": ""
			},
			"Trophies": [
				{
					"exists": true,
					"name": "Premier League",
					"won": 5
				},
				{
					"exists": true,
					"name": "EFL Championship",
					"won": 7
				},
				{
					"exists": true,
					"name": "FA",
					"won": 5
				},
				{
					"exists": true,
					"name": "FA Community Shield",
					"won": 5
				},
				{
					"exists": false,
					"name": "ChampionsLeague",
					"won": 0
				}
			]
		}
	},
	{
		"Club": "Manchester United",
		"Stadium": {
			"Name": "Old Trafford",
			"Capacity": "74,994",
			"Location": "Manchester",
			"Establishment": "1910"
		},
		"img": "/static/ClubLogos//ManchesterUnited.png",
		"History": {
			"Establishment": "1878",
			"Manager": {
				"FullName": "Ole Gunnar Solskjær",
				"Nationality": "Norway",
				"DOB": "26/02/1973",
				"Img": ""
			},
			"Trophies": [
				{
					"exists": true,
					"name": "Premier League",
					"won": 20
				},
				{
					"exists": true,
					"name": "EFL Championship",
					"won": 2
				},
				{
					"exists": true,
					"name": "FA",
					"won": 12
				},
				{
					"exists": true,
					"name": "FA Community Shield",
					"won": 21
				},
				{
					"exists": false,
					"name": "ChampionsLeague",
					"won": 3
				}
			]
		}
	},
	{
		"Club": "NewCastle United",
		"Stadium": {
			"Name": "St James",
			"Capacity": "52,405",
			"Location": "Newcastle upon Tyne",
			"Establishment": "1892"
		},
		"img": "/static/ClubLogos//NewCastleUnited.png",
		"History": {
			"Establishment": "1892",
			"Manager": {
				"FullName": "Rafael Benítez",
				"Nationality": "Spain",
				"DOB": "16/04/1960",
				"Img": ""
			},

			"Trophies": [
				{
					"exists": true,
					"name": "Premier League",
					"won": 4
				},
				{
					"exists": true,
					"name": "EFL Championship",
					"won": 4
				},
				{
					"exists": true,
					"name": "FA",
					"won": 6
				},
				{
					"exists": true,
					"name": "FA Community Shield",
					"won": 1
				},
				{
					"exists": false,
					"name": "ChampionsLeague",
					"won": 0
				}
			]
		}
	},
	{
		"Club": "Southampton F.C",
		"Stadium": {
			"Name": "St Mary's",
			"Capacity": "32,505",
			"Location": "Southampton",
			"Establishment": "2001"
		},
		"img": "/static/ClubLogos//Southampton.png",
		"History": {
			"Establishment": "1885",
			"Manager": {
				"FullName": "Ralph Hasenhüttl",
				"Nationality": "Austria",
				"DOB": "09/08/1967",
				"Img": ""
			},

			"Trophies": [
				{
					"exists": true,
					"name": "Premier League",
					"won": 1
				},
				{
					"exists": false,
					"name": "EFL Championship",
					"won": 0
				},
				{
					"exists": true,
					"name": "FA",
					"won": 1
				},
				{
					"exists": false,
					"name": "FA Community Shield",
					"won": 0
				},
				{
					"exists": false,
					"name": "ChampionsLeague",
					"won": 0
				}
			]
		}
	},
	{
		"Club": "Tottenham Hotspur",
		"Stadium": {
			"Name": "Wembley",
			"Capacity": "90,000",
			"Location": "Wembley, London",
			"Establishment": "2007"
		},
		"img": "/static/ClubLogos//Tottenham.png",
		"History": {
			"Establishment": "1882",
			"Manager": {
				"FullName": "Mauricio Pochettino",
				"Nationality": "Argentina",
				"DOB": "02/03/1972",
				"Img": ""
			},
			"Trophies": [
				{
					"exists": true,
					"name": "Premier League",
					"won": 2
				},
				{
					"exists": true,
					"name": "EFL Championship",
					"won": 2
				},
				{
					"exists": true,
					"name": "FA",
					"won": 8
				},
				{
					"exists": true,
					"name": "FA Community Shield",
					"won": 7
				},
				{
					"exists": false,
					"name": "ChampionsLeague",
					"won": 0
				}
			]
		}
	},
	{
		"Club": "Watford",
		"Stadium": {
			"Name": "Vicarage Road",
			"Capacity": "21,577",
			"Location": "Watford",
			"Establishment": "1922"
		},
		"img": "/static/ClubLogos//Watford.png",
		"History": {
			"Establishment": "1898",
			"Manager": {
				"FullName": "Javier Gracia",
				"Nationality": "Spain",
				"DOB": "01/05/1970",
				"Img": ""
			},
			"Trophies": [
				{
					"exists": true,
					"name": "Premier League",
					"won": 1
				},
				{
					"exists": true,
					"name": "EFL Championship",
					"won": 1
				},
				{
					"exists": false,
					"name": "FA",
					"won": 0
				},
				{
					"exists": false,
					"name": "FA Community Shield",
					"won": 0
				},
				{
					"exists": false,
					"name": "ChampionsLeague",
					"won": 0
				}
			]
		}
	},
	{
		"Club": "West Ham United",
		"Stadium": {
			"Name": "London",
			"Capacity": "66,000",
			"Location": "Stratford, London",
			"Establishment": "2012"
		},
		"img": "/static/ClubLogos//WestHam.png",
		"History": {
			"Establishment": "1877",
			"Manager": {
				"FullName": "Nuno Espírito Santo",
				"Nationality": "Portugal",
				"DOB": "25/01/1974",
				"Img": ""
			},

			"Trophies": [
				{
					"exists": false,
					"name": "Premier League",
					"won": 0
				},
				{
					"exists": true,
					"name": "EFL Championship",
					"won": 2
				},
				{
					"exists": true,
					"name": "FA",
					"won": 3
				},
				{
					"exists": true,
					"name": "FA Community Shield",
					"won": 1
				},
				{
					"exists": false,
					"name": "ChampionsLeague",
					"won": 0
				}
			]
		}
	},
	{
		"Club": "Wolverthampton Wanderers",
		"Stadium": {
			"Name": "Molineux",
			"Capacity": "31,700",
			"Location": "Wolverhampton",
			"Establishment": "1889"
		},
		"img": "/static/ClubLogos//Wolverthampton.png",
		"History": {
			"Establishment": "1880",
			"Manager": {
				"FullName": "Nuno Esperito Santo",
				"Nationality": "Portugal",
				"DOB": "25/01/1974",
				"Img": ""
			},
			"Trophies": [
				{
					"exists": true,
					"name": "Premier League",
					"won": 3
				},
				{
					"exists": true,
					"name": "EFL Championship",
					"won": 4
				},
				{
					"exists": true,
					"name": "FA",
					"won": 4
				},
				{
					"exists": true,
					"name": "FA Community Shield",
					"won": 4
				},
				{
					"exists": false,
					"name": "ChampionsLeague",
					"won": 0
				}
			]
		}
	}
]
